ID1;P1;Pasear_al_perro;Macarena;10:12;15/05/2020 
ID2;P3;Tirar_la_basura;Pablo;12:38;05/25/2020 
ID3;P4;Regar_las_plantas;Marcos;19:52;30/05/2020 
ID4;P2;Hacer_deberes_PEL;Nacho;13:30;14/05/2020
ID5;P3;Saludar_vecinos;Elena;17:34;05/05/2020 
ID6;P1;Hacer_deberes_PEL;Nacho;11:51;01/03/2017 
ID7;P4;Andar_un_poco;JuanCarlos;19:12;21/02/2019 
ID8;P2;Rellenar_botella_agua;Eladio;08:30;11/11/2020
ID9;P3;Ir_a_fiesta;Esteban;03:43;20/06/2021
ID10;P5;Limpiar_teclado;Mike;11:52;01/12/2021
ID12;P5;Ayudar_a_Samuel;Nacho;21:57;05/11/2021;

